-1.50098, 0.968464, 0.969, -0.680001, 0.52, -0.683857, 0.519146
-1.49662, 0.968464, 0.968, -0.680001, 0.52, -0.687464, 0.516728
-1.49226, 0.968464, 0.977, -0.680001, 0.52, -0.694624, 0.523637
-1.48789, 0.968464, 0.98, -0.680001, 0.52, -0.699686, 0.524905
-1.48353, 0.982974, 0.982, -0.720001, 0.52, -0.7044, 0.525215
-1.47917, 0.982974, 0.982, -0.720001, 0.52, -0.708386, 0.523643
-1.4748, 0.982974, 0.984, -0.720001, 0.52, -0.713111, 0.523909
-1.47044, 0.982974, 0.984, -0.720001, 0.52, -0.717091, 0.522299
-1.46608, 0.982974, 0.984, -0.720001, 0.52, -0.721064, 0.520671
-1.46171, 0.982974, 0.983, -0.720001, 0.52, -0.724645, 0.518103
-1.45735, 0.982974, 0.982, -0.720001, 0.52, -0.72821, 0.515521
-1.45299, 0.982974, 0.99, -0.720001, 0.52, -0.735299, 0.521201
-1.44862, 0.998877, 0.998, -0.760001, 0.52, -0.742445, 0.526836
-1.44426, 0.998877, 0.998, -0.760001, 0.52, -0.746437, 0.525097
-1.4399, 0.998877, 0.994, -0.760001, 0.52, -0.748802, 0.519685
-1.43553, 0.998877, 0.995, -0.760001, 0.52, -0.753172, 0.518831
-1.43117, 0.998877, 0.997, -0.760001, 0.52, -0.757956, 0.518867
-1.42681, 0.998877, 1.001, -0.760001, 0.52, -0.763582, 0.520697
-1.42244, 0.998877, 1.01, -0.760001, 0.52, -0.771337, 0.52703
-1.41808, 0.998877, 1.008, -0.760001, 0.52, -0.77448, 0.523355
-1.41372, 0.998877, 1, -0.760001, 0.52, -0.775026, 0.51425
-1.40935, 0.998877, 1.001, -0.760001, 0.52, -0.779396, 0.513271
-1.40499, 1.01611, 1.009, -0.800001, 0.52, -0.786824, 0.518568
-1.40063, 1.01611, 1.009, -0.800001, 0.52, -0.79078, 0.516636
-1.39626, 1.01611, 1.016, -0.800001, 0.52, -0.79784, 0.520957
-1.3919, 1.01611, 1.018, -0.800001, 0.52, -0.802704, 0.520764
-1.38754, 1.01611, 1.019, -0.800001, 0.52, -0.807122, 0.519655
-1.38317, 1.01611, 1.021, -0.800001, 0.52, -0.811995, 0.519414
-1.37881, 1.0346, 1.03, -0.840001, 0.52, -0.820097, 0.525362
-1.37445, 1.0346, 1.03, -0.840001, 0.52, -0.824082, 0.523285
-1.37008, 1.0346, 1.026, -0.840001, 0.52, -0.826187, 0.517656
-1.36572, 1.0346, 1.025, -0.840001, 0.52, -0.829667, 0.51467
-1.36136, 1.0346, 1.035, -0.840001, 0.52, -0.838362, 0.521348
-1.35699, 1.0346, 1.038, -0.840001, 0.52, -0.843768, 0.521824
-1.35263, 1.0346, 1.04, -0.840001, 0.52, -0.848705, 0.521394
-1.34827, 1.0346, 1.04, -0.840001, 0.52, -0.852672, 0.519192
-1.3439, 1.0346, 1.04, -0.840001, 0.52, -0.85663, 0.516973
-1.33954, 1.05428, 1.04, -0.880001, 0.52, -0.860579, 0.514736
-1.33518, 1.05428, 1.041, -0.880001, 0.52, -0.865016, 0.51335
-1.33081, 1.05428, 1.043, -0.880001, 0.52, -0.869953, 0.512806
-1.32645, 1.05428, 1.047, -0.880001, 0.52, -0.875908, 0.513961
-1.32209, 1.05428, 1.053, -0.880001, 0.52, -0.882902, 0.516802
-1.31772, 1.05428, 1.059, -0.880001, 0.52, -0.889931, 0.5196
-1.31336, 1.05428, 1.059, -0.880001, 0.52, -0.893891, 0.517218
-1.309, 1.05428, 1.058, -0.880001, 0.52, -0.897319, 0.513965
-1.30463, 1.07509, 1.071, -0.920001, 0.52, -0.908076, 0.522617
-1.30027, 1.07509, 1.071, -0.920001, 0.52, -0.912048, 0.520156
-1.29591, 1.07509, 1.071, -0.920001, 0.52, -0.91601, 0.517678
-1.29154, 1.07509, 1.072, -0.920001, 0.52, -0.920497, 0.516027
-1.28718, 1.07509, 1.072, -0.920001, 0.52, -0.924441, 0.513512
-1.28282, 1.07509, 1.075, -0.920001, 0.52, -0.930003, 0.513498
-1.27845, 1.07509, 1.075, -0.920001, 0.52, -0.933936, 0.510941
-1.27409, 1.09697, 1.085, -0.960001, 0.52, -0.943362, 0.516716
-1.26973, 1.09697, 1.085, -0.960001, 0.52, -0.947309, 0.514101
-1.26536, 1.09697, 1.085, -0.960001, 0.52, -0.951244, 0.511469
-1.261, 1.09697, 1.093, -0.960001, 0.52, -0.959659, 0.51544
-1.25664, 1.09697, 1.094, -0.960001, 0.52, -0.964164, 0.513579
-1.25227, 1.09697, 1.099, -0.960001, 0.52, -0.97094, 0.514986
-1.24791, 1.11985, 1.108, -1, 0.52, -0.980028, 0.519632
-1.24355, 1.11985, 1.109, -1, 0.52, -0.984563, 0.517675
-1.23918, 1.11985, 1.109, -1, 0.52, -0.988513, 0.51488
-1.23482, 1.11985, 1.109, -1, 0.52, -0.992451, 0.512068
-1.23046, 1.11985, 1.115, -1, 0.52, -0.999896, 0.514099
-1.22609, 1.11985, 1.116, -1, 0.52, -1.00442, 0.512045
-1.22173, 1.11985, 1.121, -1, 0.52, -1.01131, 0.513188
-1.21737, 1.11985, 1.124, -1, 0.52, -1.01703, 0.512684
-1.213, 1.14367, 1.132, -1.04, 0.52, -1.02577, 0.516145
-1.20864, 1.14367, 1.14, -1.04, 0.52, -1.03454, 0.519546
-1.20428, 1.14367, 1.142, -1.04, 0.52, -1.03971, 0.518122
-1.19991, 1.14367, 1.146, -1.04, 0.52, -1.04611, 0.518254
-1.19555, 1.14367, 1.148, -1.04, 0.52, -1.05129, 0.516769
-1.19119, 1.14367, 1.148, -1.04, 0.52, -1.05524, 0.513683
-1.18682, 1.16837, 1.157, -1.08, 0.52, -1.06476, 0.517633
-1.18246, 1.16837, 1.162, -1.08, 0.52, -1.07183, 0.518393
-1.1781, 1.16837, 1.162, -1.08, 0.52, -1.07578, 0.515217
-1.17373, 1.16837, 1.166, -1.08, 0.52, -1.08225, 0.515127
-1.16937, 1.16837, 1.17, -1.08, 0.52, -1.08873, 0.514996
-1.16501, 1.16837, 1.172, -1.08, 0.52, -1.09394, 0.513287
-1.16064, 1.16837, 1.173, -1.08, 0.52, -1.09851, 0.510782
-1.15628, 1.1939, 1.179, -1.12, 0.52, -1.1063, 0.512077
-1.15192, 1.1939, 1.176, -1.12, 0.52, -1.10828, 0.506466
-1.14755, 1.1939, 1.182, -1.12, 0.52, -1.11609, 0.507684
-1.14319, 1.1939, 1.182, -1.12, 0.52, -1.11999, 0.504315
-1.13883, 1.22021, 1.156, -1.16, 0.52, -1.10677, 0.481353
-1.13446, 1.22021, 1.152, -1.16, 0.52, -1.10792, 0.475025
-1.1301, 1.22021, 1.152, -1.16, 0.52, -1.11168, 0.471693
-1.12574, 1.22021, 1.154, -1.16, 0.52, -1.11677, 0.469832
-1.12137, 1.22021, 1.156, -1.16, 0.52, -1.12185, 0.467944
-1.11701, 1.22021, 1.165, -1.16, 0.52, -1.13165, 0.471196
-1.11265, 1.22021, 1.169, -1.16, 0.52, -1.13811, 0.470702
-1.10828, 1.19071, 1.177, -1.16, 0.48, -1.1473, 0.473098
-1.10392, 1.19071, 1.18, -1.16, 0.48, -1.1531, 0.471782
-1.09956, 1.19071, 1.186, -1.16, 0.48, -1.16097, 0.472612
-1.09519, 1.19071, 1.184, -1.16, 0.48, -1.16335, 0.467601
-1.09083, 1.19071, 1.19, -1.16, 0.48, -1.17124, 0.46835
-1.08647, 1.19071, 1.194, -1.16, 0.48, -1.17776, 0.467611
-1.0821, 1.21841, 1.197, -1.2, 0.48, -1.18358, 0.466117
-1.07774, 1.21841, 1.211, -1.2, 0.48, -1.19715, 0.472414
-1.07338, 1.21841, 1.218, -1.2, 0.48, -1.20584, 0.47365
-1.06901, 1.21841, 1.22, -1.2, 0.48, -1.21101, 0.471301
-1.06465, 1.21841, 1.222, -1.2, 0.48, -1.21618, 0.468922
-1.06029, 1.24677, 1.224, -1.24, 0.48, -1.22135, 0.466516
-1.05592, 1.24677, 1.237, -1.24, 0.48, -1.23441, 0.471735
-1.05156, 1.24677, 1.244, -1.24, 0.48, -1.24321, 0.472699
-1.0472, 1.24677, 1.253, -1.24, 0.48, -1.25348, 0.474983
-1.04283, 1.24677, 1.248, -1.24, 0.48, -1.2536, 0.467583
-1.03847, 1.24677, 1.249, -1.24, 0.48, -1.25806, 0.464298
-1.03411, 1.27575, 1.265, -1.28, 0.48, -1.27351, 0.471191
-1.02974, 1.27575, 1.269, -1.28, 0.48, -1.2802, 0.469844
-1.02538, 1.27575, 1.271, -1.28, 0.48, -1.28541, 0.467107
-1.02102, 1.27575, 1.278, -1.28, 0.48, -1.29433, 0.467693
-1.01665, 1.30532, 1.29, -1.32, 0.48, -1.307, 0.471552
-1.01229, 1.30532, 1.294, -1.32, 0.48, -1.31374, 0.470007
-1.00793, 1.30532, 1.304, -1.32, 0.48, -1.32499, 0.472383
-1.00356, 1.30532, 1.306, -1.32, 0.48, -1.33024, 0.469418
-0.999201, 1.33543, 1.321, -1.36, 0.48, -1.34533, 0.474926
-0.994838, 1.33543, 1.33, -1.36, 0.48, -1.35592, 0.476414
-0.990474, 1.33543, 1.335, -1.36, 0.48, -1.3635, 0.475236
-0.986111, 1.33543, 1.337, -1.36, 0.48, -1.36879, 0.472077
-0.981748, 1.36605, 1.355, -1.4, 0.48, -1.38636, 0.479139
-0.977384, 1.36605, 1.357, -1.4, 0.48, -1.39167, 0.475867
-0.973021, 1.36605, 1.363, -1.4, 0.48, -1.40008, 0.4751
-0.968658, 1.36605, 1.364, -1.4, 0.48, -1.40462, 0.471123
-0.964294, 1.36605, 1.375, -1.4, 0.48, -1.41693, 0.473396
-0.959931, 1.39714, 1.388, -1.44, 0.48, -1.43084, 0.476825
-0.955568, 1.39714, 1.393, -1.44, 0.48, -1.43853, 0.475186
-0.951204, 1.39714, 1.395, -1.44, 0.48, -1.44386, 0.471644
-0.946841, 1.39714, 1.401, -1.44, 0.48, -1.45235, 0.470527
-0.942478, 1.42868, 1.419, -1.48, 0.48, -1.47035, 0.476674
-0.938114, 1.42868, 1.423, -1.48, 0.48, -1.47729, 0.474187
-0.933751, 1.42868, 1.426, -1.48, 0.48, -1.48344, 0.471052
-0.929388, 1.42868, 1.44, -1.48, 0.48, -1.49839, 0.474476
-0.925024, 1.46063, 1.447, -1.52, 0.48, -1.50777, 0.473613
-0.920661, 1.46063, 1.465, -1.52, 0.48, -1.52602, 0.479204
-0.916298, 1.46063, 1.467, -1.52, 0.48, -1.53141, 0.475226
-0.911934, 1.46063, 1.472, -1.52, 0.48, -1.53922, 0.472974
-0.907571, 1.49297, 1.484, -1.56, 0.48, -1.55273, 0.474744
-0.903208, 1.49297, 1.498, -1.56, 0.48, -1.56791, 0.47757
-0.898845, 1.49297, 1.501, -1.56, 0.48, -1.57413, 0.473955
-0.894481, 1.52567, 1.507, -1.6, 0.48, -1.58281, 0.472017
-0.890118, 1.52567, 1.516, -1.6, 0.48, -1.59396, 0.471723
-0.885755, 1.52567, 1.541, -1.6, 0.48, -1.61835, 0.480374
-0.881391, 1.55872, 1.544, -1.64, 0.48, -1.62461, 0.476496
-0.877028, 1.55872, 1.556, -1.64, 0.48, -1.63834, 0.477593
-0.872665, 1.55872, 1.571, -1.64, 0.48, -1.65461, 0.480246
-0.868301, 1.55872, 1.571, -1.64, 0.48, -1.65839, 0.474528
-0.863938, 1.59208, 1.592, -1.68, 0.48, -1.67974, 0.480261
-0.859575, 1.59208, 1.598, -1.68, 0.48, -1.68856, 0.477688
-0.855211, 1.62574, 1.613, -1.72, 0.48, -1.70496, 0.479903
-0.850848, 1.62574, 1.619, -1.72, 0.48, -1.71381, 0.477175
-0.846485, 1.62574, 1.626, -1.72, 0.48, -1.72351, 0.474919
-0.842121, 1.62574, 1.638, -1.72, 0.48, -1.73746, 0.475232
-0.837758, 1.65968, 1.653, -1.76, 0.48, -1.75399, 0.477012
-0.833395, 1.65968, 1.667, -1.76, 0.48, -1.76972, 0.478143
-0.829031, 1.69389, 1.685, -1.8, 0.48, -1.7889, 0.48122
-0.824668, 1.69389, 1.686, -1.8, 0.48, -1.79354, 0.475429
-0.820305, 1.69389, 1.698, -1.8, 0.48, -1.80763, 0.475212
-0.815941, 1.72835, 1.714, -1.84, 0.48, -1.82519, 0.476911
-0.811578, 1.72835, 1.726, -1.84, 0.48, -1.83934, 0.476466
-0.807215, 1.76304, 1.746, -1.88, 0.48, -1.86045, 0.479896
-0.802851, 1.76304, 1.758, -1.88, 0.48, -1.87466, 0.479206
-0.798488, 1.76304, 1.772, -1.88, 0.48, -1.89064, 0.47939
-0.794125, 1.79795, 1.786, -1.92, 0.48, -1.90665, 0.47945
-0.789761, 1.79795, 1.795, -1.92, 0.48, -1.9183, 0.476974
-0.785398, 1.79795, 1.813, -1.92, 0.48, -1.93787, 0.478722
-0.781035, 1.83307, 1.839, -1.96, 0.48, -1.96453, 0.484113
-0.776671, 1.86838, 1.866, -2, 0.48, -1.99214, 0.489758
-0.772308, 1.90388, 1.897, -2.04, 0.48, -2.02337, 0.497048
-0.767945, 1.95781, 1.937, -2.08, 0.52, -2.06267, 0.508251
-0.763582, 1.95781, 1.955, -2.08, 0.52, -2.08255, 0.509021
-0.759218, 1.99332, 1.981, -2.12, 0.52, -2.1096, 0.513279
-0.754855, 1.99332, 1.992, -2.12, 0.52, -2.12334, 0.510543
-0.750492, 2.029, 2.007, -2.16, 0.52, -2.14066, 0.509495
-0.746128, 2.029, 2.017, -2.16, 0.52, -2.15352, 0.506094
-0.741765, 2.029, 2.041, -2.16, 0.52, -2.17896, 0.508756
-0.737402, 2.06484, 2.074, -2.2, 0.52, -2.21256, 0.515137
-0.733038, 2.10083, 2.079, -2.24, 0.52, -2.221, 0.509144
-0.728675, 2.10083, 2.094, -2.24, 0.52, -2.23846, 0.507376
-0.724312, 2.13696, 2.119, -2.28, 0.52, -2.26499, 0.509714
-0.719948, 2.13696, 2.14, -2.28, 0.52, -2.28795, 0.510157
-0.715585, 2.17322, 2.157, -2.32, 0.52, -2.30731, 0.508751
-0.711222, 2.17322, 2.175, -2.32, 0.52, -2.32761, 0.507606
-0.706858, 2.20962, 2.211, -2.36, 0.52, -2.36437, 0.513649
-0.702495, 2.24614, 2.234, -2.4, 0.52, -2.38932, 0.514133
-0.698132, 2.24614, 2.251, -2.4, 0.52, -2.40882, 0.512014
-0.693768, 2.28277, 2.279, -2.44, 0.52, -2.43844, 0.514101
-0.689405, 2.31952, 2.302, -2.48, 0.52, -2.46352, 0.513985
-0.685042, 2.31952, 2.331, -2.48, 0.52, -2.49416, 0.515997
-0.680678, 2.35637, 2.346, -2.52, 0.52, -2.51194, 0.51238
-0.676315, 2.39332, 2.376, -2.56, 0.52, -2.5436, 0.514327
-0.671952, 2.39332, 2.401, -2.56, 0.52, -2.57069, 0.514134
-0.667588, 2.43037, 2.419, -2.6, 0.52, -2.59131, 0.511117
-0.663225, 2.46752, 2.454, -2.64, 0.52, -2.62776, 0.514194
-0.658862, 2.46752, 2.471, -2.64, 0.52, -2.64752, 0.510418
-0.654498, 2.50475, 2.513, -2.68, 0.52, -2.6906, 0.515485
-0.650135, 2.54206, 2.526, -2.72, 0.52, -2.70668, 0.509873
-0.645772, 2.54206, 2.541, -2.72, 0.52, -2.72462, 0.504841
-0.641408, 2.57945, 2.586, -2.76, 0.52, -2.77069, 0.510101
-0.637045, 2.65447, 2.674, -2.84, 0.52, -2.85723, 0.52975
-0.632682, 4.56483, 2.836, -4.64, 1.16, -3.01359, 0.573785
-0.628318, 4.56483, 3.551, -4.64, 1.16, -3.69135, 0.801949
-0.623955, 4.55141, 3.566, -4.64, 1.12, -3.71067, 0.79231
-0.619592, 4.53831, 3.564, -4.64, 1.08, -3.7139, 0.776963
-0.615229, 4.53831, 3.564, -4.64, 1.08, -3.71896, 0.762257
-0.610865, 4.53831, 3.557, -4.64, 1.08, -3.71731, 0.745297
-0.606502, 4.52552, 3.565, -4.64, 1.04, -3.72983, 0.733095
-0.602139, 4.13359, 3.583, -4.28, 0.88, -3.7518, 0.723911
-0.597775, 4.13359, 3.58, -4.28, 0.88, -3.75377, 0.70812
-0.593412, 4.08332, 3.585, -4.24, 0.84, -3.76329, 0.694752
-0.589049, 4.08332, 3.594, -4.24, 0.84, -3.77658, 0.682515
-0.584685, 4.10973, 3.524, -4.28, 0.8, -3.71431, 0.646957
-0.580322, 4.10973, 3.466, -4.28, 0.8, -3.66329, 0.615441
-0.575959, 4.10973, 3.436, -4.28, 0.8, -3.63889, 0.592388
-0.571595, 3.55434, 3.43, -3.76, 0.6, -3.63738, 0.576322
-0.567232, 3.55434, 3.422, -3.76, 0.6, -3.63388, 0.559734
-0.562869, 3.55434, 3.423, -3.76, 0.6, -3.63895, 0.545652
-0.558505, 3.58197, 3.428, -3.8, 0.56, -3.64781, 0.53262
-0.554142, 3.58197, 3.429, -3.8, 0.56, -3.65277, 0.518469
-0.549779, 3.58197, 3.438, -3.8, 0.56, -3.66538, 0.506376
-0.545415, 3.53292, 3.449, -3.76, 0.52, -3.67989, 0.494703
-0.541052, 3.53292, 3.448, -3.76, 0.52, -3.68275, 0.479896
-0.536689, 3.53292, 3.451, -3.76, 0.52, -3.68942, 0.466072
-0.532325, 3.72654, 3.476, -3.96, 0.52, -3.71736, 0.457565
-0.527962, 3.80417, 3.503, -4.04, 0.52, -3.74724, 0.449308
-0.523599, 3.84302, 3.555, -4.08, 0.52, -3.80141, 0.446685
-0.519235, 3.8819, 3.581, -4.12, 0.52, -3.83032, 0.437602
-0.514872, 3.9208, 3.617, -4.16, 0.52, -3.86896, 0.430548
-0.510509, 3.95972, 3.668, -4.2, 0.52, -3.92222, 0.426509
-0.506145, 4.19367, 3.702, -4.44, 0.52, -3.95893, 0.418312
-0.501782, 4.23273, 3.747, -4.48, 0.52, -4.00638, 0.412163
-0.497419, 4.2718, 3.794, -4.52, 0.52, -4.05579, 0.406033
-0.493055, 4.35001, 3.836, -4.6, 0.52, -4.10033, 0.398462
-0.488692, 4.42827, 3.878, -4.68, 0.52, -4.14488, 0.390516
-0.484329, 4.46743, 3.921, -4.72, 0.52, -4.1904, 0.382394
-0.479966, 4.70266, 3.981, -4.96, 0.52, -4.25261, 0.377161
-0.475602, 4.78117, 4.019, -5.04, 0.52, -4.29324, 0.367258
-0.471239, 4.85974, 4.08, -5.12, 0.52, -4.35646, 0.361246
-0.466876, 4.93835, 4.138, -5.2, 0.52, -4.41675, 0.354158
-0.462512, 5.05635, 4.239, -5.32, 0.52, -4.51939, 0.354096
-0.458149, 5.17444, 4.321, -5.44, 0.52, -4.60339, 0.349903
-0.453786, 5.29261, 4.441, -5.56, 0.52, -4.72489, 0.351325
-0.449422, 5.5292, 4.629, -5.8, 0.52, -4.91358, 0.362746
-0.445059, 5.89091, 5.744, -6.16, 0.56, -6.0178, 0.519097
-0.440696, 6.04888, 5.887, -6.32, 0.56, -6.163, 0.516333
-0.436332, 6.36511, 6.071, -6.64, 0.56, -6.34883, 0.518448
-0.431969, 6.36511, 6.209, -6.64, 0.56, -6.48927, 0.51228
-0.427606, 6.60252, 6.444, -6.88, 0.56, -6.7258, 0.518567
-0.423242, 6.80051, 6.627, -7.08, 0.56, -6.91099, 0.515706
-0.418879, 6.95898, 6.788, -7.24, 0.56, -7.07446, 0.508337
-0.414516, 7.19681, 7.019, -7.48, 0.56, -7.30742, 0.50851
-0.410152, 7.51413, 7.302, -7.8, 0.56, -7.5921, 0.513091
-0.405789, 7.71257, 7.494, -8, 0.56, -7.7866, 0.504356
-0.401426, 7.99052, 7.788, -8.28, 0.56, -8.08248, 0.505658
-0.397062, 8.2686, 8.081, -8.56, 0.56, -8.37751, 0.504284
-0.392699, 8.62632, 8.409, -8.92, 0.56, -8.70748, 0.504068
-0.388336, 8.74136, 8.531, -9.04, 0.52, -8.83266, 0.480005
-0.383972, 9.33831, 8.69, -9.64, 0.52, -8.99461, 0.458474
-0.379609, 9.45775, 9.218, -9.76, 0.52, -9.52393, 0.469933
-0.375246, 10.8193, 9.249, -11.12, 0.6, -9.55847, 0.432633
-0.370882, 11.4966, 9.368, -11.8, 0.6, -9.68054, 0.402482
-0.366519, 12.4533, 11.241, -12.76, 0.6, -11.5509, 0.511859
-0.362156, 12.892, 12.079, -13.2, 0.6, -12.3903, 0.526478
-0.357792, 13.932, 12.563, -14.24, 0.64, -12.8769, 0.508496
-0.353429, 13.9662, 13.319, -14.28, 0.56, -13.635, 0.504533
-0.349066, 13.961, 13.367, -14.28, 0.48, -13.6867, 0.44955
-0.344702, 13.9586, 13.422, -14.28, 0.44, -13.7451, 0.394544
-0.340339, 13.9541, 13.484, -14.28, 0.36, -13.8103, 0.339422
-0.335976, 13.952, 13.562, -14.28, 0.32, -13.8913, 0.284541
-0.331613, 13.9482, 13.614, -14.28, 0.24, -13.9461, 0.227789
-0.327249, 13.9448, 13.701, -14.28, 0.16, -14.0355, 0.172003
-0.322886, 14.3045, 13.75, -14.64, 0.16, -14.0868, 0.114059
-0.318523, 22.1453, 13.822, -22.48, 0.32, -14.1609, 0.0564202
-0.314159, 22.1829, 13.874, -22.52, 0.24, -14.2147, -0.00241283
-0.309796, 22.1798, 13.918, -22.52, 0.12, -14.2602, -0.0618966
-0.305433, 22.1781, 13.936, -22.52, 0.0399996, -14.2795, -0.122266
-0.301069, 22.1761, 22.161, -22.52, -0.0800004, -22.5046, -0.0614852
-0.296706, 22.1751, 22.175, -22.52, -0.16, -22.5198, -0.158027
-0.292343, 22.1745, 22.177, -22.52, -0.24, -22.5226, -0.254767
-0.287979, 19.014, 18.995, -19.36, -0.36, -19.341, -0.356919
-0.283616, 18.2542, 3.109, -18.6, -0.48, -3.45503, -0.397367
-0.279253, 18.1344, 3.019, -18.48, -0.52, -3.36497, -0.410299
-0.274889, 17.7752, 3.004, -18.12, -0.6, -3.34985, -0.4233
-0.270526, 17.777, 3.024, -18.12, -0.72, -3.36967, -0.436722
-0.266163, 17.7778, 3.028, -18.12, -0.76, -3.37343, -0.449995
-0.261799, 17.7797, 3.031, -18.12, -0.84, -3.37613, -0.463277
-0.257436, 17.7819, 3.031, -18.12, -0.92, -3.37578, -0.476498
-0.253073, 17.7831, 3.031, -18.12, -0.96, -3.37537, -0.489716
-0.248709, 17.7874, 3.033, -18.12, -1.08, -3.3769, -0.503008
-0.244346, 15.5893, 3.036, -15.92, -1.08, -3.37937, -0.516358
-0.239983, 15.3114, 3.047, -15.64, -1.12, -3.38978, -0.530101
-0.235619, 14.3547, 3.046, -14.68, -1.16, -3.38813, -0.54333
-0.231256, 13.5559, 3.048, -13.88, -1.16, -3.38943, -0.556712
-0.226893, 12.5576, 3.055, -12.88, -1.16, -3.39566, -0.570405
-0.222529, 11.9615, 3.063, -12.28, -1.2, -3.40282, -0.58422
-0.218166, 11.4826, 3.068, -11.8, -1.2, -3.40693, -0.597896
-0.213803, 11.0039, 3.075, -11.32, -1.2, -3.41297, -0.611756
-0.20944, 10.0866, 3.081, -10.4, -1.2, -3.41795, -0.625597
-0.205076, 9.967, 3.08, -10.28, -1.2, -3.41589, -0.638917
-0.200713, 9.81093, 3.083, -10.12, -1.24, -3.41776, -0.652566
-0.19635, 9.05403, 3.1, -9.36, -1.24, -3.43351, -0.667493
-0.191986, 8.81513, 3.105, -9.12, -1.24, -3.43725, -0.681433
-0.187623, 8.61608, 3.107, -8.92, -1.24, -3.43793, -0.695115
-0.183259, 7.89992, 3.111, -8.2, -1.24, -3.44055, -0.709014
-0.178896, 7.74087, 3.127, -8.04, -1.24, -3.45503, -0.724228
-0.174533, 7.58186, 3.123, -7.88, -1.24, -3.44956, -0.737344
-0.17017, 7.1051, 3.131, -7.4, -1.24, -3.45596, -0.75181
-0.165806, 6.98598, 3.136, -7.28, -1.24, -3.45931, -0.765977
-0.161443, 6.54947, 3.145, -6.84, -1.24, -3.46657, -0.780678
-0.15708, 6.47016, 3.147, -6.76, -1.24, -3.46681, -0.794548
-0.152716, 6.47016, 3.153, -6.76, -1.24, -3.47096, -0.80896
-0.148353, 6.23791, 3.163, -6.52, -1.28, -3.479, -0.823966
-0.14399, 6.11916, 3.169, -6.4, -1.28, -3.48301, -0.838482
-0.139626, 6.04003, 3.187, -6.32, -1.28, -3.49883, -0.854796
-0.135263, 5.72372, 3.189, -6, -1.28, -3.49874, -0.868849
-0.1309, 5.68421, 3.194, -5.96, -1.28, -3.50156, -0.883375
-0.126536, 5.56573, 3.193, -5.84, -1.28, -3.49839, -0.896979
-0.122173, 5.28953, 3.2, -5.56, -1.28, -3.50305, -0.911873
-0.11781, 5.25011, 3.211, -5.52, -1.28, -3.51158, -0.927488
-0.113446, 4.97439, 3.217, -5.24, -1.28, -3.51511, -0.942326
-0.109083, 4.93505, 3.217, -5.2, -1.28, -3.51267, -0.956149
-0.10472, 4.89571, 3.226, -5.16, -1.28, -3.51901, -0.971585
-0.100356, 4.65992, 3.225, -4.92, -1.28, -3.51546, -0.98524
-0.095993, 4.62066, 3.243, -4.88, -1.28, -3.5305, -1.00247
-0.0916297, 4.62066, 3.257, -4.88, -1.28, -3.54153, -1.01906
-0.0872664, 4.42459, 3.263, -4.68, -1.28, -3.54463, -1.03419
-0.0829031, 4.38541, 3.267, -4.64, -1.28, -3.54571, -1.04895
-0.0785398, 4.18978, 3.29, -4.44, -1.28, -3.5653, -1.06764
-0.0741764, 4.18978, 3.288, -4.44, -1.28, -3.56035, -1.08126
-0.0698131, 4.18978, 3.291, -4.44, -1.28, -3.56023, -1.09593
-0.0654498, 4.1205, 3.306, -4.36, -1.32, -3.57175, -1.11323
-0.0610865, 4.1205, 3.312, -4.36, -1.32, -3.57441, -1.12864
-0.0567231, 3.9648, 3.327, -4.2, -1.32, -3.58576, -1.14613
-0.0523598, 3.9648, 3.326, -4.2, -1.32, -3.58145, -1.16003
-0.0479965, 3.9648, 3.339, -4.2, -1.32, -3.59069, -1.17721
-0.0436332, 3.80946, 3.344, -4.04, -1.32, -3.59208, -1.19256
-0.0392699, 3.77068, 3.353, -4, -1.32, -3.59727, -1.20891
-0.0349065, 3.45095, 3.356, -3.68, -1.28, -3.59656, -1.22384
-0.0305432, 3.45095, 3.366, -3.68, -1.28, -3.60256, -1.24054
-0.0261799, 3.45095, 3.383, -3.68, -1.28, -3.61525, -1.25912
-0.0218166, 3.41232, 3.404, -3.64, -1.28, -3.63169, -1.27886
-0.0174533, 3.41232, 3.408, -3.64, -1.28, -3.63163, -1.29425
-0.0130899, 3.42298, 3.404, -3.64, -1.32, -3.6238, -1.3075
-0.0087266, 3.42298, 3.407, -3.64, -1.32, -3.62265, -1.32262
-0.0043633, 3.38451, 3.403, -3.6, -1.32, -3.6147, -1.33579
0, 3.39573, 3.403, -3.6, -1.36, -3.61054, -1.35004
0.0043633, 3.43408, 3.421, -3.64, -1.36, -3.62356, -1.36944
0.00872672, 3.40738, 3.415, -3.6, -1.4, -3.61351, -1.38198
0.01309, 3.40738, 3.421, -3.6, -1.4, -3.61488, -1.398
0.0174533, 3.4456, 3.432, -3.64, -1.4, -3.62094, -1.41554
0.0218166, 3.49568, 3.485, -3.68, -1.44, -3.66694, -1.4459
0.0261799, 3.58403, 3.607, -3.76, -1.48, -3.77838, -1.49788
0.0305433, 3.6344, 3.623, -3.8, -1.52, -3.78872, -1.51783
0.0349066, 3.6344, 3.626, -3.8, -1.52, -3.78661, -1.53379
0.0392699, 3.60918, 3.623, -3.76, -1.56, -3.77874, -1.54783
0.0436332, 3.64704, 3.632, -3.8, -1.56, -3.78216, -1.56571
0.0479965, 3.66008, 3.654, -3.8, -1.6, -3.79778, -1.58791
0.0523599, 3.71114, 3.723, -3.84, -1.64, -3.85759, -1.62588
0.0567232, 3.78656, 3.777, -3.92, -1.64, -3.90302, -1.65936
0.0610865, 3.79996, 3.805, -3.92, -1.68, -3.92377, -1.6844
0.0654498, 3.0038, 3.017, -3.16, -1.44, -3.17833, -1.42851
0.0698133, 2.66204, 2.674, -2.84, -1.32, -2.85229, -1.32128
0.0741765, 2.66204, 2.577, -2.84, -1.32, -2.75743, -1.29799
0.0785398, 2.62461, 2.546, -2.8, -1.32, -2.72448, -1.29744
0.0829031, 2.58725, 2.518, -2.76, -1.32, -2.69438, -1.29771
0.0872664, 2.58725, 2.49, -2.76, -1.32, -2.66432, -1.29773
0.0916299, 2.51277, 2.446, -2.68, -1.32, -2.61944, -1.2916
0.0959932, 2.51277, 2.428, -2.68, -1.32, -2.59878, -1.2948
0.100356, 2.47566, 2.395, -2.64, -1.32, -2.56424, -1.29217
0.10472, 2.43864, 2.371, -2.6, -1.32, -2.53809, -1.2927
0.109083, 2.43864, 2.353, -2.6, -1.32, -2.51752, -1.29532
0.113446, 2.40172, 2.307, -2.56, -1.32, -2.47117, -1.28688
0.11781, 2.40172, 2.303, -2.56, -1.32, -2.46355, -1.29458
0.122173, 2.3649, 2.271, -2.52, -1.32, -2.43022, -1.2911
0.126536, 2.32818, 2.248, -2.48, -1.32, -2.40519, -1.29095
0.1309, 2.32818, 2.231, -2.48, -1.32, -2.3857, -1.29304
0.135263, 2.29157, 2.213, -2.44, -1.32, -2.36531, -1.29457
0.139626, 2.25508, 2.184, -2.4, -1.32, -2.33493, -1.29139
0.14399, 2.25508, 2.162, -2.4, -1.32, -2.31098, -1.29088
0.148353, 2.25508, 2.155, -2.4, -1.32, -2.30067, -1.2965
0.152716, 2.21871, 2.126, -2.36, -1.32, -2.27045, -1.29269
0.15708, 2.18247, 2.104, -2.32, -1.32, -2.24661, -1.29164
0.161443, 2.18247, 2.087, -2.32, -1.32, -2.22733, -1.29257
0.165806, 2.14635, 2.057, -2.28, -1.32, -2.19639, -1.28766
0.17017, 2.14635, 2.044, -2.28, -1.32, -2.18078, -1.29
0.174533, 2.11038, 2.024, -2.24, -1.32, -2.15892, -1.2891
0.178896, 2.07456, 2.013, -2.2, -1.32, -2.14514, -1.29207
0.18326, 2.03889, 1.996, -2.16, -1.32, -2.12602, -1.29222
0.187623, 2.03889, 1.985, -2.16, -1.32, -2.11228, -1.29495
0.191986, 2.00339, 1.969, -2.12, -1.32, -2.0941, -1.29529
0.19635, 2.00339, 1.954, -2.12, -1.32, -2.07685, -1.29595
0.200713, 1.96806, 1.93, -2.08, -1.32, -2.05166, -1.29226
0.205076, 1.96806, 1.921, -2.08, -1.32, -2.03977, -1.29544
0.20944, 1.93291, 1.898, -2.04, -1.32, -2.01557, -1.29189
0.213803, 1.93291, 1.894, -2.04, -1.32, -2.0081, -1.29724
0.218166, 1.89795, 1.886, -2, -1.32, -1.99712, -1.30062
0.22253, 1.89795, 1.875, -2, -1.32, -1.98352, -1.30246
0.226893, 1.89795, 1.85, -2, -1.32, -1.95774, -1.29732
0.231256, 1.8632, 1.827, -1.96, -1.32, -1.93377, -1.29296
0.235619, 1.8632, 1.807, -1.96, -1.32, -1.91248, -1.28991
0.239983, 1.8632, 1.799, -1.96, -1.32, -1.90161, -1.29272
0.244346, 1.82866, 1.788, -1.92, -1.32, -1.88817, -1.29393
0.248709, 1.82866, 1.775, -1.92, -1.32, -1.87302, -1.29402
0.253073, 1.79434, 1.776, -1.88, -1.32, -1.86992, -1.30119
0.257436, 1.79434, 1.746, -1.88, -1.32, -1.84025, -1.29231
0.261799, 1.79434, 1.74, -1.88, -1.32, -1.83117, -1.2957
0.266163, 1.76027, 1.726, -1.84, -1.32, -1.81529, -1.29482
0.270526, 1.76027, 1.714, -1.84, -1.32, -1.80113, -1.29488
0.274889, 1.76027, 1.709, -1.84, -1.32, -1.79293, -1.29856
0.279253, 1.72645, 1.689, -1.8, -1.32, -1.77206, -1.29415
0.283616, 1.72645, 1.675, -1.8, -1.32, -1.75631, -1.29281
0.287979, 1.72645, 1.671, -1.8, -1.32, -1.749, -1.29678
0.292343, 1.6929, 1.654, -1.76, -1.32, -1.73079, -1.2936
0.296706, 1.6929, 1.649, -1.76, -1.32, -1.72266, -1.29688
0.301069, 1.6929, 1.641, -1.76, -1.32, -1.71203, -1.29844
0.305433, 1.6929, 1.633, -1.76, -1.32, -1.7014, -1.29993
0.309796, 1.65964, 1.614, -1.72, -1.32, -1.68169, -1.29517
0.314159, 1.65964, 1.607, -1.72, -1.32, -1.67195, -1.29703
0.318523, 1.62668, 1.597, -1.68, -1.32, -1.65975, -1.29713
0.322886, 1.62668, 1.591, -1.68, -1.32, -1.65086, -1.29942
0.327249, 1.59404, 1.584, -1.64, -1.32, -1.64115, -1.30107
0.331613, 1.62668, 1.571, -1.68, -1.32, -1.62656, -1.29918
0.335976, 1.56175, 1.565, -1.6, -1.32, -1.6177, -1.30126
0.340339, 1.59404, 1.539, -1.64, -1.32, -1.59265, -1.29156
0.344703, 1.56175, 1.524, -1.6, -1.32, -1.57659, -1.28814
0.349066, 1.56175, 1.516, -1.6, -1.32, -1.56621, -1.28875
0.353429, 1.56175, 1.508, -1.6, -1.32, -1.55586, -1.28929
0.357792, 1.56175, 1.509, -1.6, -1.32, -1.55272, -1.29516
0.362156, 1.56175, 1.503, -1.6, -1.32, -1.54397, -1.29679
0.366519, 1.52982, 1.49, -1.56, -1.32, -1.52967, -1.29412
0.370883, 1.52982, 1.483, -1.56, -1.32, -1.52017, -1.29499
0.375246, 1.52982, 1.468, -1.56, -1.32, -1.50437, -1.29089
0.379609, 1.49827, 1.463, -1.52, -1.32, -1.49649, -1.29285
0.383972, 1.49827, 1.45, -1.52, -1.32, -1.48235, -1.28979
0.388336, 1.49827, 1.442, -1.52, -1.32, -1.47216, -1.28974
0.392699, 1.49827, 1.438, -1.52, -1.32, -1.46511, -1.29213
0.397062, 1.46714, 1.432, -1.48, -1.32, -1.4565, -1.29322
0.401426, 1.46714, 1.428, -1.48, -1.32, -1.44946, -1.29552
0.405789, 1.46714, 1.414, -1.48, -1.32, -1.43471, -1.29139
0.410152, 1.46714, 1.404, -1.48, -1.32, -1.42309, -1.28971
0.414516, 1.43645, 1.404, -1.44, -1.32, -1.41915, -1.29441
0.418879, 1.43645, 1.402, -1.44, -1.32, -1.41367, -1.29778
0.423242, 1.43645, 1.397, -1.44, -1.32, -1.4059, -1.29918
0.427606, 1.43645, 1.38, -1.44, -1.32, -1.38907, -1.29266
0.431969, 1.43645, 1.378, -1.44, -1.32, -1.38361, -1.29589
0.436332, 1.40623, 1.38, -1.4, -1.32, -1.38115, -1.30173
0.440696, 1.40623, 1.364, -1.4, -1.32, -1.3652, -1.2956
0.445059, 1.40623, 1.358, -1.4, -1.32, -1.35677, -1.29603
0.449422, 1.40623, 1.346, -1.4, -1.32, -1.34391, -1.29238
0.453786, 1.3765, 1.343, -1.36, -1.32, -1.33774, -1.2947
0.458149, 1.3765, 1.34, -1.36, -1.32, -1.33157, -1.29699
0.462512, 1.34731, 1.34, -1.32, -1.32, -1.3276, -1.30128
0.466876, 1.3765, 1.318, -1.36, -1.32, -1.30756, -1.29051
0.471239, 1.34731, 1.312, -1.32, -1.32, -1.29926, -1.29057
0.475602, 1.34731, 1.309, -1.32, -1.32, -1.29315, -1.29265
0.479966, 1.34731, 1.311, -1.32, -1.32, -1.29064, -1.29816
0.484329, 1.34731, 1.295, -1.32, -1.32, -1.27518, -1.29113
0.488692, 1.34731, 1.293, -1.32, -1.32, -1.26981, -1.29378
0.493056, 1.34731, 1.288, -1.32, -1.32, -1.26229, -1.29428
0.497419, 1.31868, 1.281, -1.28, -1.32, -1.25338, -1.29333
0.501782, 1.31868, 1.275, -1.28, -1.32, -1.24519, -1.29303
0.506146, 1.31868, 1.275, -1.28, -1.32, -1.24124, -1.29694
0.510509, 1.31868, 1.259, -1.28, -1.32, -1.22609, -1.2894
0.514872, 1.29066, 1.255, -1.24, -1.32, -1.21937, -1.29036
0.519235, 1.29066, 1.249, -1.24, -1.32, -1.21127, -1.28983
0.523599, 1.29066, 1.245, -1.24, -1.32, -1.20457, -1.2907
0.527962, 1.29066, 1.245, -1.24, -1.32, -1.20063, -1.29444
0.532325, 1.29066, 1.236, -1.24, -1.32, -1.19052, -1.29159
0.536689, 1.29066, 1.233, -1.24, -1.32, -1.18454, -1.29306
0.541052, 1.26329, 1.227, -1.2, -1.32, -1.17652, -1.2923
0.545416, 1.26329, 1.218, -1.2, -1.32, -1.16651, -1.28926
0.549779, 1.26329, 1.215, -1.2, -1.32, -1.16056, -1.29061
0.554142, 1.26329, 1.211, -1.2, -1.32, -1.15395, -1.29117
0.558505, 1.26329, 1.207, -1.2, -1.32, -1.14735, -1.2917
0.562869, 1.2366, 1.199, -1.16, -1.32, -1.13812, -1.28918
0.567232, 1.2366, 1.192, -1.16, -1.32, -1.12959, -1.28735
0.571595, 1.2366, 1.188, -1.16, -1.32, -1.12304, -1.28774
0.575959, 1.2366, 1.184, -1.16, -1.32, -1.11651, -1.28808
0.580322, 1.2366, 1.182, -1.16, -1.32, -1.11129, -1.28991
0.584685, 1.2366, 1.176, -1.16, -1.32, -1.10348, -1.28865
0.589049, 1.21064, 1.162, -1.12, -1.32, -1.09058, -1.2812
0.593412, 1.21064, 1.133, -1.12, -1.32, -1.0682, -1.26209
0.597775, 1.18547, 1.029, -1.08, -1.32, -0.998444, -1.18481
0.602139, 1.18547, 0.968, -1.08, -1.32, -0.956497, -1.14031
0.606502, 1.21064, 0.953, -1.12, -1.32, -0.943805, -1.13128
0.610865, 1.18547, 0.94, -1.08, -1.32, -0.93245, -1.12372
0.615229, 1.18547, 0.938, -1.08, -1.32, -0.927998, -1.12471
0.619592, 1.18547, 0.936, -1.08, -1.32, -0.923549, -1.12566
0.623955, 1.18547, 0.933, -1.08, -1.32, -0.918489, -1.12581
0.628319, 1.18547, 0.936, -1.08, -1.32, -0.917099, -1.13068
0.632682, 1.18547, 0.929, -1.08, -1.32, -0.909611, -1.1276
0.637045, 1.18547, 0.929, -1.08, -1.32, -0.906383, -1.13005
0.641409, 1.18547, 0.93, -1.08, -1.32, -0.903745, -1.13329
0.645772, 1.18547, 0.932, -1.08, -1.32, -0.901684, -1.13732
0.650135, 1.16113, 0.929, -1.04, -1.32, -0.896636, -1.13732
0.654498, 1.16113, 0.928, -1.04, -1.32, -0.892777, -1.13891
0.658862, 1.16113, 0.923, -1.04, -1.32, -0.886572, -1.13723
0.663225, 1.16113, 0.912, -1.04, -1.32, -0.876899, -1.13064
0.667588, 1.16113, 0.912, -1.04, -1.32, -0.873659, -1.13295
0.671952, 1.16113, 0.909, -1.04, -1.32, -0.868683, -1.13279
0.676315, 1.13768, 0.904, -1, -1.32, -0.862576, -1.13096
0.680678, 1.11516, 0.902, -0.960001, -1.32, -0.858198, -1.13156
0.685042, 1.11516, 0.896, -0.960001, -1.32, -0.851568, -1.12883
0.689405, 1.11516, 0.891, -0.960001, -1.32, -0.845533, -1.12689
0.693768, 1.11516, 0.891, -0.960001, -1.32, -0.842309, -1.12906
0.698132, 1.11516, 0.891, -0.960001, -1.32, -0.839075, -1.13122
0.702495, 1.11516, 0.882, -0.960001, -1.32, -0.830885, -1.12585
0.706858, 1.11516, 0.879, -0.960001, -1.32, -0.826027, -1.12544
0.711222, 1.11516, 0.878, -0.960001, -1.32, -0.822267, -1.12669
0.715585, 1.11516, 0.881, -0.960001, -1.32, -0.82066, -1.13129
0.719948, 1.09365, 0.88, -0.920001, -1.32, -0.816882, -1.13251
0.724312, 1.09365, 0.879, -0.920001, -1.32, -0.813102, -1.13371
0.728675, 1.09365, 0.876, -0.920001, -1.32, -0.808266, -1.13319
0.733038, 1.09365, 0.872, -0.920001, -1.32, -0.802919, -1.13179
0.737402, 1.09365, 0.869, -0.920001, -1.32, -0.798113, -1.13122
0.741765, 1.09365, 0.87, -0.920001, -1.32, -0.795387, -1.13404
0.746128, 1.09365, 0.87, -0.920001, -1.32, -0.792132, -1.13599
0.750491, 1.09365, 0.87, -0.920001, -1.32, -0.788869, -1.13793
0.754855, 1.0732, 0.871, -0.880001, -1.32, -0.786102, -1.14072
0.759218, 1.09365, 0.867, -0.920001, -1.32, -0.780813, -1.13917
0.763582, 1.05387, 0.866, -0.840001, -1.32, -0.777038, -1.14019
0.767945, 1.0732, 0.859, -0.880001, -1.32, -0.770299, -1.13598
0.772308, 1.0732, 0.858, -0.880001, -1.32, -0.766546, -1.13695
0.776672, 1.0732, 0.859, -0.880001, -1.32, -0.763765, -1.13965
0.781035, 1.05387, 0.858, -0.840001, -1.32, -0.760003, -1.14059
0.785398, 1.05387, 0.857, -0.840001, -1.32, -0.756242, -1.14152
0.789761, 1.05387, 0.858, -0.840001, -1.32, -0.753429, -1.14418
0.794125, 1.05387, 0.856, -0.840001, -1.32, -0.749189, -1.14418
0.798488, 1.05387, 0.851, -0.840001, -1.32, -0.743554, -1.14152
0.802852, 1.05387, 0.846, -0.840001, -1.32, -0.737951, -1.13881
0.807215, 1.03572, 0.846, -0.800001, -1.32, -0.734676, -1.14051
0.811578, 1.03572, 0.846, -0.800001, -1.32, -0.731394, -1.1422
0.815941, 1.03572, 0.846, -0.800001, -1.32, -0.728104, -1.14388
0.820305, 1.03572, 0.842, -0.800001, -1.32, -0.723016, -1.14196
0.824668, 1.03572, 0.839, -0.800001, -1.32, -0.718396, -1.14091
0.829031, 1.03572, 0.84, -0.800001, -1.32, -0.715551, -1.14343
0.833395, 1.03572, 0.842, -0.800001, -1.32, -0.713128, -1.14683
0.837758, 1.03572, 0.838, -0.800001, -1.32, -0.70809, -1.14482
0.842121, 1.03572, 0.832, -0.800001, -1.32, -0.702221, -1.14097
0.846485, 1.01883, 0.833, -0.760001, -1.32, -0.699361, -1.14342
0.850848, 1.01883, 0.838, -0.760001, -1.32, -0.698167, -1.14949
0.855211, 1.01883, 0.841, -0.760001, -1.32, -0.696094, -1.15375
0.859575, 1.01883, 0.84, -0.760001, -1.32, -0.692342, -1.15436
0.863938, 1.01883, 0.831, -0.760001, -1.32, -0.685325, -1.14765
0.868301, 1.01883, 0.833, -0.760001, -1.32, -0.68282, -1.15095
0.872665, 1.01883, 0.832, -0.760001, -1.32, -0.679093, -1.15149
0.877028, 1.01883, 0.834, -0.760001, -1.32, -0.676555, -1.15478
0.881391, 1.01883, 0.836, -0.760001, -1.32, -0.673996, -1.15805
0.885755, 1.01883, 0.826, -0.760001, -1.32, -0.666754, -1.15026
0.890118, 1.01883, 0.831, -0.760001, -1.32, -0.665351, -1.15627
0.894481, 1.01883, 0.831, -0.760001, -1.32, -0.662001, -1.15765
0.898845, 1.00324, 0.831, -0.720001, -1.32, -0.658644, -1.15902
0.903208, 1.00324, 0.831, -0.720001, -1.32, -0.655282, -1.16038
0.907571, 1.00324, 0.833, -0.720001, -1.32, -0.652649, -1.16358
0.911934, 1.00324, 0.831, -0.720001, -1.32, -0.648539, -1.16305
0.916298, 1.00324, 0.831, -0.720001, -1.32, -0.645159, -1.16436
0.920661, 1.00324, 0.828, -0.720001, -1.32, -0.640706, -1.16286
0.925025, 1.00324, 0.826, -0.720001, -1.32, -0.636623, -1.16226
0.929388, 0.989027, 0.823, -0.680001, -1.32, -0.632203, -1.16071
0.933751, 0.989027, 0.825, -0.680001, -1.32, -0.629521, -1.16383
0.938115, 0.989027, 0.822, -0.680001, -1.32, -0.625119, -1.16224
0.942478, 0.989027, 0.822, -0.680001, -1.32, -0.621743, -1.16345
0.946841, 0.976246, 0.824, -0.640001, -1.32, -0.619024, -1.16653
0.951204, 0.976246, 0.824, -0.640001, -1.32, -0.615629, -1.16771
0.955568, 0.976246, 0.82, -0.640001, -1.32, -0.610937, -1.1651
0.959931, 0.976246, 0.82, -0.640001, -1.32, -0.607548, -1.16625
0.964294, 0.976246, 0.826, -0.640001, -1.32, -0.606043, -1.17307
0.968658, 0.976246, 0.827, -0.640001, -1.32, -0.60293, -1.17515
0.973021, 0.976246, 0.827, -0.640001, -1.32, -0.599498, -1.17627
0.977384, 0.976246, 0.826, -0.640001, -1.32, -0.595758, -1.17641
0.981748, 0.976246, 0.831, -0.640001, -1.32, -0.593811, -1.18227
0.986111, 0.976246, 0.821, -0.640001, -1.32, -0.587408, -1.17378
0.990474, 0.976246, 0.82, -0.640001, -1.32, -0.583692, -1.17387
0.994838, 0.976246, 0.82, -0.640001, -1.32, -0.580265, -1.1749
0.999201, 1.0036, 0.821, -0.600001, -1.36, -0.577116, -1.17687
1.00356, 1.0036, 0.821, -0.600001, -1.36, -0.573676, -1.17787
1.00793, 1.0036, 0.82, -0.600001, -1.36, -0.569959, -1.1779
1.01229, 1.0036, 0.818, -0.600001, -1.36, -0.565977, -1.17694
1.01665, 1.0036, 0.815, -0.600001, -1.36, -0.561743, -1.175
1.02102, 1.0036, 0.811, -0.600001, -1.36, -0.55727, -1.17207
1.02538, 1.0036, 0.811, -0.600001, -1.36, -0.553852, -1.17299
1.02974, 1.0036, 0.813, -0.600001, -1.36, -0.550933, -1.17582
1.03411, 1.0036, 0.815, -0.600001, -1.36, -0.547994, -1.17864
1.03847, 1.0036, 0.817, -0.600001, -1.36, -0.545034, -1.18146
1.04283, 1.0036, 0.817, -0.600001, -1.36, -0.541575, -1.18232
1.0472, 0.994233, 0.815, -0.560001, -1.36, -0.537641, -1.18122
1.05156, 0.994233, 0.811, -0.560001, -1.36, -0.53326, -1.17816
1.05592, 0.994233, 0.814, -0.560001, -1.36, -0.530495, -1.18189
1.06029, 0.994233, 0.811, -0.560001, -1.36, -0.526366, -1.17976
1.06465, 0.994233, 0.815, -0.560001, -1.36, -0.523787, -1.18444
1.06901, 0.994233, 0.815, -0.560001, -1.36, -0.520315, -1.18521
1.07338, 0.994233, 0.819, -0.560001, -1.36, -0.517678, -1.18988
1.07774, 0.994233, 0.817, -0.560001, -1.36, -0.513771, -1.18866
1.0821, 0.994233, 0.806, -0.560001, -1.36, -0.50807, -1.17861
1.08647, 0.994233, 0.803, -0.560001, -1.36, -0.504033, -1.17637
1.09083, 0.994233, 0.8, -0.560001, -1.36, -0.500019, -1.1741
1.09519, 0.986398, 0.798, -0.520001, -1.36, -0.496215, -1.1728
1.09956, 0.986398, 0.806, -0.520001, -1.36, -0.494265, -1.18132
1.10392, 0.986398, 0.805, -0.520001, -1.36, -0.490627, -1.18097
1.10828, 0.986398, 0.812, -0.520001, -1.36, -0.488398, -1.18849
1.11265, 0.986398, 0.811, -0.520001, -1.36, -0.484737, -1.18811
1.11701, 0.986398, 0.805, -0.520001, -1.36, -0.480249, -1.1828
1.12137, 0.986398, 0.804, -0.520001, -1.36, -0.476622, -1.18239
1.12574, 0.986398, 0.799, -0.520001, -1.36, -0.472369, -1.17801
1.1301, 0.986398, 0.8, -0.520001, -1.36, -0.469079, -1.17954
1.13446, 0.986398, 0.809, -0.520001, -1.36, -0.466974, -1.18897
1.13883, 0.986398, 0.806, -0.520001, -1.36, -0.463047, -1.18652
1.14319, 0.980135, 0.802, -0.480001, -1.36, -0.459003, -1.18307
1.14755, 0.980135, 0.801, -0.480001, -1.36, -0.455401, -1.18256
1.15192, 0.980135, 0.8, -0.480001, -1.36, -0.451806, -1.18204
1.15628, 0.980135, 0.8, -0.480001, -1.36, -0.448345, -1.18249
1.16064, 0.980135, 0.8, -0.480001, -1.36, -0.444882, -1.18293
1.16501, 0.975474, 0.803, -0.440001, -1.36, -0.441774, -1.18634
1.16937, 0.975474, 0.804, -0.440001, -1.36, -0.43841, -1.18774
1.17373, 0.975474, 0.804, -0.440001, -1.36, -0.434924, -1.18813
1.1781, 0.975474, 0.804, -0.440001, -1.36, -0.431436, -1.18851
1.18246, 0.980135, 0.793, -0.480001, -1.36, -0.426827, -1.17794
1.18682, 0.975474, 0.798, -0.440001, -1.36, -0.423872, -1.18326
1.19119, 0.975474, 0.806, -0.440001, -1.36, -0.421151, -1.19156
1.19555, 0.972436, 0.807, -0.400001, -1.36, -0.417738, -1.19287
1.19991, 0.972436, 0.807, -0.400001, -1.36, -0.41423, -1.19318
1.20428, 0.972436, 0.806, -0.400001, -1.36, -0.41064, -1.19247
1.20864, 0.972436, 0.806, -0.400001, -1.36, -0.407134, -1.19274
1.213, 0.972436, 0.805, -0.400001, -1.36, -0.403555, -1.19201
1.21737, 0.972436, 0.805, -0.400001, -1.36, -0.400051, -1.19225
1.22173, 0.972436, 0.804, -0.400001, -1.36, -0.396483, -1.19148
1.22609, 0.972436, 0.805, -0.400001, -1.36, -0.39304, -1.19269
1.23046, 0.972436, 0.799, -0.400001, -1.36, -0.389209, -1.1869
1.23482, 0.972436, 0.799, -0.400001, -1.36, -0.385728, -1.18708
1.23918, 0.972436, 0.801, -0.400001, -1.36, -0.382336, -1.18924
1.24355, 0.971038, 0.8, -0.360001, -1.36, -0.378803, -1.18839
1.24791, 0.971038, 0.799, -0.360001, -1.36, -0.375279, -1.18753
1.25227, 0.971038, 0.799, -0.360001, -1.36, -0.371794, -1.18765
1.25664, 0.971038, 0.8, -0.360001, -1.36, -0.368338, -1.18875
1.261, 0.971038, 0.805, -0.360001, -1.36, -0.364965, -1.19384
1.26536, 0.971038, 0.811, -0.360001, -1.36, -0.361569, -1.19991
1.26973, 0.971038, 0.799, -0.360001, -1.36, -0.357853, -1.18798
1.27409, 0.971038, 0.799, -0.360001, -1.36, -0.354367, -1.18802
1.27845, 0.971038, 0.803, -0.360001, -1.36, -0.350905, -1.19205
1.28282, 0.971038, 0.81, -0.360001, -1.36, -0.347413, -1.19906
1.28718, 0.971038, 0.811, -0.360001, -1.36, -0.343876, -1.20006
1.29154, 0.971038, 0.808, -0.360001, -1.36, -0.340359, -1.19704
1.29591, 0.971287, 0.81, -0.320001, -1.36, -0.336811, -1.19901
1.30027, 0.971287, 0.805, -0.320001, -1.36, -0.333356, -1.19396
1.30463, 0.971287, 0.81, -0.320001, -1.36, -0.329743, -1.1989
1.309, 0.971287, 0.813, -0.320001, -1.36, -0.326136, -1.20182
1.31336, 0.971287, 0.817, -0.320001, -1.36, -0.322475, -1.20572
1.31772, 0.971287, 0.82, -0.320001, -1.36, -0.318812, -1.20861
1.32209, 0.971287, 0.817, -0.320001, -1.36, -0.315349, -1.20549
1.32645, 0.971287, 0.819, -0.320001, -1.36, -0.311703, -1.20734
1.33081, 0.971287, 0.819, -0.320001, -1.36, -0.308133, -1.20718
1.33518, 0.971287, 0.821, -0.320001, -1.36, -0.304462, -1.20901
1.33954, 0.971287, 0.819, -0.320001, -1.36, -0.300995, -1.20682
1.3439, 0.973181, 0.821, -0.280001, -1.36, -0.297309, -1.20861
1.34827, 0.973181, 0.823, -0.280001, -1.36, -0.293606, -1.21039
1.35263, 0.973181, 0.819, -0.280001, -1.36, -0.290295, -1.20616
1.35699, 0.973181, 0.819, -0.280001, -1.36, -0.28673, -1.20591
1.36136, 0.973181, 0.819, -0.280001, -1.36, -0.283166, -1.20565
1.36572, 0.973181, 0.82, -0.280001, -1.36, -0.279523, -1.20636
1.37008, 0.973181, 0.819, -0.280001, -1.36, -0.276043, -1.20507
1.37445, 0.973181, 0.821, -0.280001, -1.36, -0.272303, -1.20674
1.37881, 0.973181, 0.822, -0.280001, -1.36, -0.268642, -1.20741
1.38317, 0.973181, 0.819, -0.280001, -1.36, -0.265368, -1.20408
1.38754, 0.973181, 0.819, -0.280001, -1.36, -0.261812, -1.20372
1.3919, 0.976712, 0.822, -0.240001, -1.36, -0.257937, -1.20633
1.39626, 0.976712, 0.822, -0.240001, -1.36, -0.254372, -1.20593
1.40063, 0.976712, 0.825, -0.240001, -1.36, -0.250461, -1.20851
1.40499, 0.976712, 0.829, -0.240001, -1.36, -0.246405, -1.21205
1.40935, 0.98186, 0.829, -0.200001, -1.36, -0.242815, -1.21161
1.41372, 0.98186, 0.826, -0.200001, -1.36, -0.239614, -1.20818
1.41808, 0.98186, 0.821, -0.200001, -1.36, -0.236707, -1.20275
1.42244, 0.98186, 0.822, -0.200001, -1.36, -0.23302, -1.20326
1.42681, 0.98186, 0.829, -0.200001, -1.36, -0.228476, -1.20968
1.43117, 0.98186, 0.829, -0.200001, -1.36, -0.224896, -1.20916
1.43553, 0.98186, 0.828, -0.200001, -1.36, -0.221469, -1.20764
1.4399, 0.988601, 0.828, -0.160001, -1.36, -0.217899, -1.20709
1.44426, 0.988601, 0.824, -0.160001, -1.36, -0.214967, -1.20257
1.44862, 0.988601, 0.83, -0.160001, -1.36, -0.210439, -1.20791
1.45299, 0.988601, 0.835, -0.160001, -1.36, -0.206029, -1.21224
1.45735, 0.988601, 0.838, -0.160001, -1.36, -0.201922, -1.21458
1.46171, 0.988601, 0.835, -0.160001, -1.36, -0.19885, -1.21099
1.46608, 0.988601, 0.829, -0.160001, -1.36, -0.196349, -1.20444
1.47044, 0.988601, 0.828, -0.160001, -1.36, -0.192978, -1.20279
1.4748, 0.988601, 0.838, -0.160001, -1.36, -0.187537, -1.21194
1.47917, 0.988601, 0.839, -0.160001, -1.36, -0.183755, -1.21222
1.48353, 0.996903, 0.849, -0.120001, -1.36, -0.178187, -1.2213
1.48789, 0.996903, 0.848, -0.120001, -1.36, -0.17476, -1.21958
1.49226, 0.996903, 0.843, -0.120001, -1.36, -0.172169, -1.21394
1.49662, 0.996903, 0.838, -0.120001, -1.36, -0.169624, -1.20828
1.50098, 0.996903, 0.839, -0.120001, -1.36, -0.165836, -1.20848
